Z,A,Mass_Excess_MeV
0,1,8.071318
1,1,7.288971
1,2,13.135723
1,3,14.949811
2,3,14.931219
3,3,28.667000
1,4,24.621129
2,4,2.424916
3,4,25.323190
1,5,32.892447
2,5,11.231234
3,5,11.678887
4,5,37.139000
1,6,41.875725
2,6,17.592095
3,6,14.086880
4,6,18.375034
5,6,47.320000
1,7,49.135000
2,7,26.073128
3,7,14.907105
4,7,15.768998
5,7,27.676553
2,8,31.609683
3,8,20.945805
4,8,4.941672
5,8,22.921569
6,8,35.064269
2,9,40.935826
3,9,24.954905
4,9,11.348451
5,9,12.416486
6,9,28.910971
2,10,49.197147
3,10,33.052628
4,10,12.607487
5,10,12.050611
6,10,15.698673
7,10,38.800027
3,11,40.728259
4,11,20.177169
5,11,8.667708
6,11,10.649397
7,11,24.365644
8,11,47.738913
3,12,49.009577
4,12,25.077761
5,12,13.369398
6,12,0.000000
7,12,17.338068
8,12,32.013335
3,13,56.980895
4,13,33.659080
5,13,16.561948
6,13,3.125009
7,13,5.345481
8,13,23.115432
9,13,42.030000
4,14,39.954502
5,14,23.663686
6,14,3.019893
7,14,2.863417
8,14,8.007781
9,14,31.964403
4,15,49.825821
5,15,28.957379
6,15,9.873145
7,15,0.101438
8,15,2.855622
9,15,16.566752
10,15,40.215374
4,16,57.447139
5,16,37.111699
6,16,13.694133
7,16,5.683907
8,16,-4.737002
9,16,10.675182
10,16,23.986775
5,17,43.716322
6,17,21.031880
7,17,7.870079
8,17,-0.808764
9,17,1.951701
10,17,16.500452
11,17,34.719580
5,18,51.792640
6,18,24.919266
7,18,13.113167
8,18,-0.782816
9,18,0.873112
10,18,5.317617
11,18,25.037992
5,19,59.770251
6,19,32.413754
7,19,15.856255
8,19,3.332858
9,19,-1.487445
10,19,1.752054
11,19,12.929384
12,19,31.838394
5,20,69.401569
6,20,37.503567
7,20,21.766498
8,20,3.796172
9,20,-0.017463
10,20,-7.041932
11,20,6.850489
12,20,17.477694
5,21,78.382887
6,21,45.643000
7,21,25.231915
8,21,8.062034
9,21,-0.047605
10,21,-5.731776
11,21,-2.184857
12,21,10.903851
13,21,27.090000
6,22,53.611203
7,22,31.764805
8,22,9.283032
9,22,2.793376
10,22,-8.024716
11,22,-5.181391
12,22,-0.399986
13,22,18.201000
14,22,33.640000
6,23,64.171000
7,23,36.720429
8,23,14.621371
9,23,3.285263
10,23,-5.154045
11,23,-9.529854
12,23,-5.473675
13,23,6.748071
14,23,23.950000
7,24,46.938000
8,24,18.500404
9,24,7.544516
10,24,-5.951642
11,24,-8.417901
12,24,-13.933578
13,24,-0.048812
14,24,10.745186
15,24,34.020000
7,25,55.983000
8,25,27.329030
9,25,11.334167
10,25,-2.035503
11,25,-9.357814
12,25,-13.192782
13,25,-8.915974
14,25,3.827322
15,25,20.190000
8,26,34.661041
9,26,18.674655
10,26,0.481114
11,26,-6.860780
12,26,-16.214544
13,26,-12.210139
14,26,-7.141003
15,26,10.973000
16,26,27.680000
8,27,44.670000
9,27,25.133478
10,27,7.050910
11,27,-5.517791
12,27,-14.586594
13,27,-17.196864
14,27,-12.384505
15,27,-0.659032
16,27,17.491000
8,28,52.080000
9,28,33.403796
10,28,11.299738
11,28,-0.988315
12,28,-15.019946
13,28,-16.850719
14,28,-21.492797
15,28,-7.147856
16,28,4.073203
17,28,28.270000
9,29,40.150190
10,29,18.399803
11,29,2.679994
12,29,-10.612360
13,29,-18.207762
14,29,-21.895082
15,29,-16.952849
16,29,-3.094423
17,29,14.022000
18,29,37.969000
9,30,48.960000
10,30,23.280120
11,30,8.474670
12,30,-8.881373
13,30,-15.864116
14,30,-24.432962
15,30,-20.200856
16,30,-14.059254
17,30,4.674548
18,30,22.071000
9,31,56.843000
10,31,31.181594
11,31,12.246031
12,31,-3.122152
13,31,-14.950709
14,31,-22.949037
15,31,-24.440544
16,31,-19.042531
17,31,-7.034552
18,31,11.325000
19,31,34.260000
10,32,36.999000
11,32,18.640152
12,32,-0.828901
13,32,-11.099368
14,32,-24.077689
15,32,-24.304876
16,32,-26.015537
17,32,-13.334706
18,32,-2.200352
19,32,21.990000
10,33,46.130000
11,33,23.780113
12,33,4.962873
13,33,-8.497382
14,33,-20.514328
15,33,-26.337350
16,33,-26.585858
17,33,-21.003340
18,33,-9.384295
19,33,7.540000
20,33,31.030000
10,34,52.842000
11,34,31.680114
12,34,8.323324
13,34,-2.997619
14,34,-19.991684
15,34,-24.548702
16,34,-29.931689
17,34,-24.440086
18,34,-18.378293
19,34,-1.220000
20,34,14.890000
11,35,37.831000
12,35,15.639786
13,35,-0.223730
14,35,-14.391480
15,35,-24.857809
16,35,-28.846210
17,35,-29.013532
18,35,-23.047289
19,35,-11.172893
20,35,5.190000
21,35,27.100000
11,36,45.903000
12,36,20.380159
13,36,5.950384
14,36,-12.436125
15,36,-20.251045
16,36,-30.664141
17,36,-29.522008
18,36,-30.231542
19,36,-17.417182
20,36,-6.451166
21,36,16.150000
11,37,53.134000
12,37,28.211478
13,37,9.809564
14,37,-6.571512
15,37,-18.996012
16,37,-26.896426
17,37,-31.761552
18,37,-30.947679
19,37,-24.800201
20,37,-13.136070
21,37,3.780000
22,37,25.170000
11,38,61.905000
12,38,34.074000
13,38,16.470000
14,38,-4.170299
15,38,-14.621565
16,38,-26.861216
17,38,-29.798116
18,38,-34.714827
19,38,-28.800760
20,38,-22.058503
21,38,-4.249000
22,38,11.370000
11,39,69.977000
12,39,42.775000
13,39,21.490000
14,39,2.320352
15,39,-12.774636
16,39,-23.162672
17,39,-29.800218
18,39,-33.242195
19,39,-33.807195
20,39,-27.282707
21,39,-14.172726
22,39,2.500000
23,39,22.570000
12,40,49.550000
13,40,28.820000
14,40,5.666876
15,40,-8.139189
16,40,-22.837850
17,40,-27.557818
18,40,-35.039900
19,40,-33.535497
20,40,-34.846402
21,40,-20.523353
22,40,-8.993439
23,40,12.470000
12,41,58.100000
13,41,34.590000
14,41,13.200000
15,41,-4.979767
16,41,-19.008580
17,41,-27.307192
18,41,-33.067510
19,41,-35.559549
20,41,-35.137908
21,41,-28.642360
22,41,-15.697539
23,41,0.310000
24,41,20.410000
13,42,41.990000
14,42,16.840000
15,42,1.091842
16,42,-17.637748
17,42,-24.831770
18,42,-34.422678
19,42,-35.022031
20,42,-38.547293
21,42,-32.121003
22,42,-25.104353
23,42,-7.620000
24,42,7.060000
13,43,48.270000
14,43,24.330000
15,43,5.040000
16,43,-12.195461
17,43,-24.159510
18,43,-32.009811
19,43,-36.575394
20,43,-38.408873
21,43,-36.188150
22,43,-29.315591
23,43,-17.916358
24,43,-1.970000
25,43,17.370000
14,44,29.310000
15,44,11.110000
16,44,-9.204236
17,44,-20.478973
18,44,-32.673260
19,44,-35.781498
20,44,-41.468730
21,44,-37.816035
22,44,-37.548586
23,44,-23.808079
24,44,-13.421899
25,44,7.460000
14,45,37.090000
15,45,15.960000
16,45,-3.340000
17,45,-18.262544
18,45,-29.770801
19,45,-36.615643
20,45,-40.812230
21,45,-41.072321
22,45,-39.010266
23,45,-31.886441
24,45,-19.514801
25,45,-4.980000
26,45,14.408000
15,46,22.840000
16,46,0.640000
17,46,-13.734949
18,46,-29.771255
19,46,-35.413929
20,46,-43.139610
21,46,-41.761643
22,46,-44.128269
23,46,-37.075897
24,46,-29.471570
25,46,-12.417748
26,46,1.210000
15,47,28.810000
16,47,7.200000
17,47,-9.580000
18,47,-25.367274
19,47,-35.711982
20,47,-42.344665
21,47,-44.336842
22,47,-44.937612
23,47,-42.007070
24,47,-34.563093
25,47,-22.566376
26,47,-7.130000
27,47,10.620000
16,48,12.390000
17,48,-4.280000
18,48,-22.354927
19,48,-32.284482
20,48,-44.224868
21,48,-44.504083
22,48,-48.492952
23,48,-44.478005
24,48,-42.821313
25,48,-29.296644
26,48,-18.008575
27,48,1.730000
28,48,18.178000
16,49,20.391000
17,49,0.740000
18,49,-17.060000
19,49,-29.611496
20,49,-41.300003
21,49,-46.562447
22,49,-48.564012
23,49,-47.962157
24,49,-45.332352
25,49,-37.619925
26,49,-24.750730
27,49,-9.780000
28,49,8.530000
17,50,7.700000
18,50,-13.230000
19,50,-25.727853
20,50,-39.589230
21,50,-44.537120
22,50,-51.431867
23,50,-49.223240
24,50,-50.261364
25,50,-42.626886
26,50,-34.476460
27,50,-17.589403
28,50,-3.460000
17,51,14.290000
18,51,-6.490000
19,51,-22.515457
20,51,-36.332310
21,51,-43.250353
22,51,-49.732965
23,51,-52.203105
24,51,-51.450715
25,51,-48.243225
26,51,-40.189185
27,51,-27.342146
28,51,-11.650000
17,52,22.360000
18,52,-1.380000
19,52,-17.137628
20,52,-34.266272
21,52,-40.523560
22,52,-49.477698
23,52,-51.443032
24,52,-55.419508
25,52,-50.711387
26,52,-48.332095
27,52,-34.343979
28,52,-22.559856
29,52,-1.880000
18,53,6.791000
19,53,-12.295722
20,53,-29.387707
21,53,-38.769555
22,53,-46.881433
23,53,-51.851675
24,53,-55.287618
25,53,-54.690350
26,53,-50.947483
27,53,-42.659376
28,53,-29.630827
29,53,-13.140000
18,54,12.560000
19,54,-5.150000
20,54,-25.160587
21,54,-34.437934
22,54,-45.743812
23,54,-49.898267
24,54,-56.935379
25,54,-55.558247
26,54,-56.254615
27,54,-48.010068
28,54,-39.278312
29,54,-21.240000
30,54,-5.702000
19,55,0.470000
20,55,-18.650375
21,55,-30.842108
22,55,-41.832469
23,55,-49.125136
24,55,-55.110324
25,55,-57.712542
26,55,-57.481422
27,55,-54.029996
28,55,-45.335961
29,55,-31.635403
30,55,-14.270000
19,56,7.980000
20,56,-13.510390
21,56,-25.515848
22,56,-39.422995
23,56,-46.183401
24,56,-55.285128
25,56,-56.911666
26,56,-60.607163
27,56,-56.040518
28,56,-53.907649
29,56,-38.629733
30,56,-25.390000
31,56,-3.840000
19,57,14.130000
20,57,-6.560000
21,57,-21.379653
22,57,-34.401848
23,57,-44.435063
24,57,-52.524985
25,57,-57.486279
26,57,-60.182017
27,57,-59.345658
28,57,-56.083961
29,57,-47.309014
30,57,-32.550000
31,57,-15.410000
19,58,21.930000
20,58,-1.530000
21,58,-15.479569
22,58,-30.917668
23,58,-40.430584
24,58,-51.991808
25,58,-55.827568
26,58,-62.155271
27,58,-59.847292
28,58,-60.228871
29,58,-51.667851
30,58,-42.298871
31,58,-23.540000
32,58,-7.580000
19,59,28.750000
20,59,5.810000
21,59,-10.829550
22,59,-25.880000
23,59,-37.610617
24,59,-48.115931
25,59,-55.525328
26,59,-60.664957
27,59,-62.229838
28,59,-61.156833
29,59,-56.358454
30,59,-47.215678
31,59,-33.760000
32,59,-16.370000
20,60,11.000000
21,60,-4.550000
22,60,-22.099698
23,60,-33.087402
24,60,-46.908500
25,60,-52.967946
26,60,-61.413174
27,60,-61.650437
28,60,-64.473243
29,60,-58.345262
30,60,-54.174470
31,60,-39.590000
32,60,-27.530000
33,60,-5.640000
20,61,19.010000
21,61,0.500000
22,61,-16.370000
23,61,-30.177121
24,61,-42.496502
25,61,-51.742130
26,61,-58.920503
27,61,-62.898179
28,61,-64.222029
29,61,-61.984063
30,61,-56.348906
31,61,-47.134662
32,61,-33.790000
33,61,-17.200000
21,62,7.310000
22,62,-12.200000
23,62,-25.213164
24,62,-40.852611
25,62,-48.523965
26,62,-58.878057
27,62,-61.424399
28,62,-66.746440
29,62,-62.787543
30,62,-61.168088
31,62,-51.987022
32,62,-42.140000
33,62,-24.420000
21,63,13.070000
22,63,-5.860000
23,63,-21.740141
24,63,-36.178299
25,63,-46.887061
26,63,-55.635629
27,63,-61.851553
28,63,-65.512891
29,63,-65.579868
30,63,-62.213429
31,63,-56.547100
32,63,-46.921221
33,63,-33.500000
34,63,-16.850000
22,64,-1.480000
23,64,-16.320000
24,64,-33.639978
25,64,-42.989040
26,64,-54.969552
27,64,-59.792442
28,64,-67.099034
29,64,-65.424418
30,64,-66.004018
31,64,-58.832827
32,64,-54.315503
33,64,-39.532000
34,64,-26.860000
22,65,5.210000
23,65,-12.110000
24,65,-28.310000
25,65,-40.967344
26,65,-51.217902
27,65,-59.185205
28,65,-65.125796
29,65,-67.263677
30,65,-65.912024
31,65,-62.657486
32,65,-56.478223
33,65,-46.937056
34,65,-33.020000
35,65,-16.490000
23,66,-6.300000
24,66,-25.140000
25,66,-36.750392
26,66,-50.067847
27,66,-56.408541
28,66,-66.006293
29,66,-66.258289
30,66,-68.899229
31,66,-63.723729
32,66,-61.607041
33,66,-52.025084
34,66,-41.660000
35,66,-23.570000
23,67,-1.744000
24,67,-19.270000
25,67,-33.580000
26,67,-45.708416
27,67,-55.321783
28,67,-63.742688
29,67,-67.319553
30,67,-67.880376
31,67,-66.879156
32,67,-62.673718
33,67,-56.587232
34,67,-46.580294
35,67,-32.530000
36,67,-15.552000
24,68,-15.690000
25,68,-28.920000
26,68,-43.897000
27,68,-51.642591
28,68,-63.463822
29,68,-65.567043
30,68,-70.007154
31,68,-67.086054
32,68,-66.978799
33,68,-58.894527
34,68,-54.189449
35,68,-38.791000
36,68,-25.626000
24,69,-9.630000
25,69,-25.360000
26,69,-39.199000
27,69,-50.385447
28,69,-59.978656
29,69,-65.736221
30,69,-68.417906
31,69,-69.327820
32,69,-67.100674
33,69,-63.112181
34,69,-56.434714
35,69,-46.259478
36,69,-32.140000
24,70,-5.640000
25,70,-20.450000
26,70,-36.890000
27,70,-46.524963
28,70,-59.213868
29,70,-62.976381
30,70,-69.564748
31,70,-68.910150
32,70,-70.562036
33,70,-64.333973
34,70,-61.929900
35,70,-51.425627
36,70,-41.100000
25,71,-16.620000
26,71,-31.930000
27,71,-44.369930
28,71,-55.406236
29,71,-62.711134
30,71,-67.328786
31,71,-70.139127
32,71,-69.906657
33,71,-67.893257
34,71,-63.146515
35,71,-56.502426
36,71,-46.327211
37,71,-32.290000
25,72,-11.170000
26,72,-29.250000
27,72,-40.300000
28,72,-54.226068
29,72,-59.783006
30,72,-68.145495
31,72,-68.588284
32,72,-72.585910
33,72,-68.229808
34,72,-67.868189
35,72,-59.061750
36,72,-53.940582
37,72,-38.330000
25,73,-6.700000
26,73,-23.990000
27,73,-37.970000
28,73,-50.108159
29,73,-58.987445
30,73,-65.593411
31,73,-69.699343
32,73,-71.297532
33,73,-70.952757
34,73,-68.227396
35,73,-63.645787
36,73,-56.551758
37,73,-46.011611
38,73,-31.950000
26,74,-20.660000
27,74,-33.540000
28,74,-48.700000
29,74,-56.006213
30,74,-65.756720
31,74,-68.049626
32,74,-73.422451
33,74,-70.860064
34,74,-72.213210
35,74,-65.288161
36,74,-62.331844
37,74,-51.916016
38,74,-40.827000
26,75,-14.700000
27,75,-30.560000
28,75,-44.240000
29,75,-54.470219
30,75,-62.558916
31,75,-68.460639
32,75,-71.856973
33,75,-73.034203
34,75,-72.169489
35,75,-69.107020
36,75,-64.323632
37,75,-57.218702
38,75,-46.618702
39,75,-31.820000
26,76,-10.590000
27,76,-25.660000
28,76,-42.190000
29,76,-50.981627
30,76,-62.303024
31,76,-66.296648
32,76,-73.212898
33,76,-72.291384
34,76,-75.251959
35,76,-70.289078
36,76,-69.013706
37,76,-60.479089
38,76,-54.247645
39,76,-38.250000
27,77,-21.910000
28,77,-37.350000
29,77,-48.862828
30,77,-58.789203
31,77,-65.992352
32,77,-71.212870
33,77,-73.916334
34,77,-74.599497
35,77,-73.234818
36,77,-70.169451
37,77,-64.830500
38,77,-57.803443
39,77,-46.439000
40,77,-31.600000
27,78,-15.320000
28,78,-34.880000
29,78,-44.789474
30,78,-57.483242
31,78,-63.704085
32,78,-71.862058
33,78,-72.816970
34,78,-77.025952
35,78,-73.452168
36,78,-74.178283
37,78,-66.935427
38,78,-63.173949
39,78,-52.173000
40,78,-40.850000
28,79,-28.160000
29,79,-42.408039
30,79,-53.432302
31,79,-62.548355
32,79,-69.527180
33,79,-73.636081
34,79,-75.917466
35,79,-76.068067
36,79,-74.442290
37,79,-70.802778
38,79,-65.479664
39,79,-57.802935
40,79,-46.770000
41,79,-31.650000
28,80,-23.240000
29,80,-36.679000
30,80,-51.648619
31,80,-59.223675
32,80,-69.535314
33,80,-72.214601
34,80,-77.759487
35,80,-75.889025
36,80,-77.893455
37,80,-72.175476
38,80,-70.311467
39,80,-61.148162
40,80,-54.760000
41,80,-38.420000
28,81,-16.090000
29,81,-31.910000
30,81,-46.199669
31,81,-57.627962
32,81,-66.291695
33,81,-72.533314
34,81,-76.389019
35,81,-77.977051
36,81,-77.696199
37,81,-75.456704
38,81,-71.528134
39,81,-65.712919
40,81,-57.524418
41,81,-46.360000
42,81,-31.460000
28,82,-10.720000
29,82,-25.730000
30,82,-42.313960
31,82,-52.930725
32,82,-65.415075
33,82,-70.105427
34,82,-77.593895
35,82,-77.498677
36,82,-80.591795
37,82,-76.187813
38,82,-76.010062
39,82,-68.064097
40,82,-63.614063
41,82,-51.810000
42,82,-40.370000
29,83,-20.390000
30,83,-36.290000
31,83,-49.257129
32,83,-60.976442
33,83,-69.669331
34,83,-75.340543
35,83,-79.013721
36,83,-79.990643
37,83,-79.070639
38,83,-76.797616
39,83,-72.205672
40,83,-65.911659
41,83,-57.612910
42,83,-46.340000
43,83,-31.320000
29,84,-13.720000
30,84,-31.830000
31,84,-44.094136
32,84,-58.148435
33,84,-65.853568
34,84,-75.947731
35,84,-77.783094
36,84,-82.439345
37,84,-79.758975
38,84,-80.649580
39,84,-73.894439
40,84,-71.421692
41,84,-61.193842
42,84,-54.170000
43,84,-37.700000
30,85,-25.100000
31,85,-39.744059
32,85,-53.123427
33,85,-63.189152
34,85,-72.413645
35,85,-78.575478
36,85,-81.480341
37,85,-82.167341
38,85,-81.103290
39,85,-77.842131
40,85,-73.175196
41,85,-66.279684
42,85,-57.509760
43,85,-45.850000
44,85,-30.630000
30,86,-20.062000
31,86,-33.760000
32,86,-49.399927
33,86,-58.962150
34,86,-70.503175
35,86,-75.632261
36,86,-83.265676
37,86,-82.747003
38,86,-84.523100
39,86,-79.283100
40,86,-77.969023
41,86,-69.134061
42,86,-64.110927
43,86,-51.570000
44,86,-39.770000
31,87,-28.870000
32,87,-43.590000
33,87,-55.617914
34,87,-66.426133
35,87,-73.891685
36,87,-80.709531
37,87,-84.597802
38,87,-84.880076
39,87,-83.018387
40,87,-79.347147
41,87,-73.874493
42,87,-66.884817
43,87,-57.690052
44,87,-45.730000
31,88,-22.390000
32,88,-39.520000
33,88,-50.450000
34,88,-63.884203
35,88,-70.715967
36,88,-79.691295
37,88,-82.609004
38,88,-87.921629
39,88,-84.299029
40,88,-83.628874
41,88,-76.171555
42,88,-72.686553
43,88,-61.670301
44,88,-54.340000
45,88,-36.860000
32,89,-33.040000
33,89,-46.530000
34,89,-58.992398
35,89,-68.274271
36,89,-76.535795
37,89,-81.712399
38,89,-86.209026
39,89,-87.711202
40,89,-84.877974
41,89,-80.625755
42,89,-75.014944
43,89,-67.394857
44,89,-58.369424
45,89,-45.651000
32,90,-28.470000
33,90,-40.990000
34,90,-55.800223
35,90,-64.000306
36,90,-74.959259
37,90,-79.365573
38,90,-85.950945
39,90,-86.496912
40,90,-88.772547
41,90,-82.661531
42,90,-80.172514
43,90,-70.724696
44,90,-64.883801
45,90,-51.634000
46,90,-39.710000
33,91,-36.500000
34,91,-50.580130
35,91,-61.107301
36,91,-70.973974
37,91,-77.745049
38,91,-83.651950
39,91,-86.351321
40,91,-87.895592
41,91,-86.638028
42,91,-82.208834
43,91,-75.986657
44,91,-68.239833
45,91,-58.570000
46,91,-46.170000
33,92,-30.380000
34,92,-46.724000
35,92,-56.232812
36,92,-68.769329
37,92,-74.772450
38,92,-82.867371
39,92,-84.816494
40,92,-88.459024
41,92,-86.453290
42,92,-86.808587
43,92,-78.925703
44,92,-74.301211
45,92,-62.999095
46,92,-54.779095
47,92,-37.530000
34,93,-40.860000
35,93,-52.890235
36,93,-64.136002
37,93,-72.619900
38,93,-80.085844
39,93,-84.227155
40,93,-87.122028
41,93,-87.212840
42,93,-86.807079
43,93,-83.606116
44,93,-77.216723
45,93,-69.011810
46,93,-58.981810
47,93,-46.400000
34,94,-36.803000
35,94,-47.650000
36,94,-61.347780
37,94,-68.562791
38,94,-78.845721
39,94,-82.351473
40,94,-87.269332
41,94,-86.369063
42,94,-88.414079
43,94,-84.158332
44,94,-82.583602
45,94,-72.907623
46,94,-66.102281
47,94,-52.402000
48,94,-40.440000
34,95,-30.460000
35,95,-43.850000
36,95,-56.158920
37,95,-65.890307
38,95,-75.117284
39,95,-81.207937
40,95,-85.659940
41,95,-86.786272
42,95,-87.711872
43,95,-86.021355
44,95,-83.457759
45,95,-78.340616
46,95,-69.965913
47,95,-59.906000
48,95,-47.056000
35,96,-38.210000
36,96,-53.081682
37,96,-61.354351
38,96,-72.918248
39,96,-78.329986
40,96,-85.438860
41,96,-85.602830
42,96,-88.794889
43,96,-85.821648
44,96,-86.080385
45,96,-79.687732
46,96,-76.183420
47,96,-64.511645
48,96,-55.572000
49,96,-38.090000
35,97,-34.000000
36,97,-47.423499
37,97,-58.519145
38,97,-68.580674
39,97,-76.115455
40,97,-82.936693
41,97,-85.602797
42,97,-87.544700
43,97,-87.224436
44,97,-86.120564
45,97,-82.597564
46,97,-77.805852
47,97,-70.904027
48,97,-60.734027
49,97,-47.390000
35,98,-28.050000
36,98,-44.120000
37,98,-54.369152
38,98,-66.422389
39,98,-72.288748
40,98,-81.281757
41,98,-83.524612
42,98,-88.115980
43,98,-86.432214
44,98,-88.224871
45,98,-83.175219
46,98,-81.320985
47,98,-73.066425
48,98,-67.636425
49,98,-53.906000
36,99,-38.400000
37,99,-51.121150
38,99,-62.518527
39,99,-70.643730
40,99,-77.616670
41,99,-82.335344
42,99,-85.970106
43,99,-87.327869
44,99,-87.625385
45,99,-85.584522
46,99,-82.182861
47,99,-76.712483
48,99,-69.931132
49,99,-61.376000
50,99,-47.976000
36,100,-34.470000
37,100,-46.265884
38,100,-59.817505
39,100,-67.321241
40,100,-76.372736
41,100,-79.791246
42,100,-86.193029
43,100,-86.020951
44,100,-89.227391
45,100,-85.591130
46,100,-85.212672
47,100,-78.137969
48,100,-74.194595
49,100,-64.178146
50,100,-57.148146
36,101,-28.580000
37,101,-42.567417
38,101,-55.324914
39,101,-65.054787
40,101,-73.160987
41,101,-78.891488
42,101,-83.519952
43,101,-86.344593
44,101,-87.958113
45,101,-87.412428
46,101,-85.432145
47,101,-81.334384
48,101,-75.836466
49,101,-68.544901
50,101,-60.305624
37,102,-37.252312
38,102,-52.159311
39,102,-61.172641
40,102,-71.581427
41,102,-76.298265
42,102,-83.560866
43,102,-84.572921
44,102,-89.106435
45,102,-86.783316
46,102,-87.902963
47,102,-82.246702
48,102,-79.659702
49,102,-70.694896
50,102,-64.934896
51,102,-51.100000
37,103,-33.160000
38,103,-47.280000
39,103,-58.457034
40,103,-67.808993
41,103,-75.028667
42,103,-80.954331
43,103,-84.603920
44,103,-87.267168
45,103,-88.031705
46,103,-87.456980
47,103,-84.802702
48,103,-80.651626
49,103,-74.632397
50,103,-67.092000
51,103,-56.670000
37,104,-27.450000
38,104,-43.760000
39,104,-54.080000
40,104,-65.717660
41,104,-71.810997
42,104,-80.343748
43,104,-82.498969
44,104,-88.095763
45,104,-86.959344
46,104,-89.395123
47,104,-85.116470
48,104,-83.968391
49,104,-76.182675
50,104,-71.627057
51,104,-59.295000
52,104,-49.626831
38,105,-38.190000
39,105,-50.570000
40,105,-61.458274
41,105,-69.915547
42,105,-77.330788
43,105,-82.286303
44,105,-85.934543
45,105,-87.851270
46,105,-88.417905
47,105,-87.070848
48,105,-84.333849
49,105,-79.640582
50,105,-73.338001
51,105,-64.015491
52,105,-52.811509
38,106,-34.300000
39,106,-45.790000
40,106,-58.749000
41,106,-66.202678
42,106,-76.128003
43,106,-79.776253
44,106,-86.323253
45,106,-86.362656
46,106,-89.907543
47,106,-86.942399
48,106,-87.132153
49,106,-80.608150
50,106,-77.353698
51,106,-66.473301
52,106,-58.219759
53,106,-43.300000
38,107,-28.250000
39,107,-41.970000
40,107,-54.020000
41,107,-63.723805
42,107,-72.544975
43,107,-78.749967
44,107,-83.862565
45,107,-86.863711
46,107,-88.372654
47,107,-88.406700
48,107,-86.990325
49,107,-83.566667
50,107,-78.512239
51,107,-70.653248
52,107,-60.657000
53,107,-49.430000
39,108,-36.780000
40,108,-50.950000
41,108,-59.545198
42,108,-70.749297
43,108,-75.922831
44,108,-83.661404
45,108,-85.031156
46,108,-89.524215
47,108,-87.606792
48,108,-89.252423
49,108,-84.119828
50,108,-82.069949
51,108,-72.445341
52,108,-65.781676
53,108,-52.771000
54,108,-42.632357
39,109,-32.480000
40,109,-45.730000
41,109,-56.689800
42,109,-66.659285
43,109,-74.282828
44,109,-80.738455
45,109,-84.999251
46,109,-87.606484
47,109,-88.719431
48,109,-88.504330
49,109,-86.489526
50,109,-82.630180
51,109,-76.250986
52,109,-67.715399
53,109,-57.672505
54,109,-46.169546
40,110,-42.220000
41,110,-52.309914
42,110,-64.535814
43,110,-71.034564
44,110,-80.072629
45,110,-82.828693
46,110,-88.330904
47,110,-87.457306
48,110,-90.347969
49,110,-86.469969
50,110,-85.841993
51,110,-77.449745
52,110,-72.229821
53,110,-60.467844
54,110,-51.922636
40,111,-36.480000
41,111,-48.960000
42,111,-59.939813
43,111,-69.024675
44,111,-76.785325
45,111,-82.303871
46,111,-85.985886
47,111,-88.215447
48,111,-89.252247
49,111,-88.392050
50,111,-85.938581
51,111,-80.836747
52,111,-73.587487
53,111,-64.953795
54,111,-54.520000
55,111,-42.900000
40,112,-32.420000
41,112,-44.070000
42,112,-57.480000
43,112,-65.258932
44,112,-75.630873
45,112,-79.731052
46,112,-86.321039
47,112,-86.583729
48,112,-90.574857
49,112,-87.990127
50,112,-88.655049
51,112,-81.598973
52,112,-77.567518
53,112,-67.063339
54,112,-60.026348
55,112,-46.415000
40,113,-26.340000
41,113,-40.210000
42,113,-52.650000
43,113,-62.811549
44,113,-71.867816
45,113,-78.766944
46,113,-83.590500
47,113,-87.026825
48,113,-89.043286
49,113,-89.367123
50,113,-88.328129
51,113,-84.416966
52,113,-78.347037
53,113,-71.119517
54,113,-62.203626
55,113,-51.764539
56,113,-39.710000
41,114,-34.960000
42,114,-49.680000
43,114,-58.600294
44,114,-70.221213
45,114,-75.710275
46,114,-83.490346
47,114,-84.930811
48,114,-90.014934
49,114,-88.569807
50,114,-90.559735
51,114,-84.496616
52,114,-81.889676
53,114,-72.638935
54,114,-67.085899
55,114,-54.685928
56,114,-45.905437
41,115,-30.880000
42,115,-44.550000
43,115,-55.796000
44,115,-66.105296
45,115,-74.229228
46,115,-80.425822
47,115,-84.982587
48,115,-88.084480
49,115,-89.536357
50,115,-90.033846
51,115,-87.003412
52,115,-82.062767
53,115,-76.337805
54,115,-68.656757
55,115,-59.699000
56,115,-48.920000
41,116,-25.230000
42,116,-41.210000
43,116,-51.214000
44,116,-64.068917
45,116,-70.735742
46,116,-79.831026
47,116,-82.542664
48,116,-88.712489
49,116,-88.249758
50,116,-91.525979
51,116,-86.822020
52,116,-85.263793
53,116,-77.420654
54,116,-73.046877
55,116,-62.043000
56,116,-54.380000
57,116,-40.050000
42,117,-35.689000
43,117,-48.140000
44,117,-59.489871
45,117,-68.896758
46,117,-76.423890
47,117,-82.181918
48,117,-86.418397
49,117,-88.943035
50,117,-90.397742
51,117,-88.639564
52,117,-85.095500
53,117,-80.438568
54,117,-74.185347
55,117,-66.493101
56,117,-57.457906
57,117,-46.271000
42,118,-32.370000
43,118,-43.290000
44,118,-57.000000
45,118,-64.886840
46,118,-75.388358
47,118,-79.553802
48,118,-86.701649
49,118,-87.228177
50,118,-91.652843
51,118,-87.996204
52,118,-87.690758
53,118,-80.971056
54,118,-78.079067
55,118,-68.409377
56,118,-62.200000
57,118,-49.620000
42,119,-26.580000
43,119,-40.170000
44,119,-52.080000
45,119,-62.822802
46,119,-71.407277
47,119,-78.645759
48,119,-83.976939
49,119,-87.698658
50,119,-90.064985
51,119,-89.475539
52,119,-87.182539
53,119,-83.777731
54,119,-78.794488
55,119,-72.305061
56,119,-64.590096
57,119,-55.020000
58,119,-43.820000
43,120,-35.000000
44,120,-49.720000
45,120,-58.620000
46,120,-70.279604
47,120,-75.651512
48,120,-83.957365
49,120,-85.727741
50,120,-91.097741
51,120,-88.417133
52,120,-89.362160
53,120,-83.747160
54,120,-82.172434
55,120,-73.888649
56,120,-68.888649
57,120,-57.570000
58,120,-49.730000
43,121,-31.540000
44,121,-44.620000
45,121,-56.250134
46,121,-66.182337
47,121,-74.402831
48,121,-81.073837
49,121,-85.834593
50,121,-89.196626
51,121,-89.599157
52,121,-88.543111
53,121,-86.245649
54,121,-82.480997
55,121,-77.102342
56,121,-70.744847
57,121,-62.190000
58,121,-52.690000
59,121,-41.551000
43,122,-26.305000
44,122,-41.780000
45,122,-51.880000
46,122,-64.616169
47,122,-71.106118
48,122,-80.612384
49,122,-83.571361
50,122,-89.939953
51,122,-88.334205
52,122,-90.313282
53,122,-86.079282
54,122,-85.354988
55,122,-78.144769
56,122,-74.608952
57,122,-64.543000
58,122,-57.874000
59,122,-44.780000
44,123,-36.550000
45,123,-49.190000
46,123,-60.429748
47,123,-69.568581
48,123,-77.414183
49,123,-83.429034
50,123,-87.814683
51,123,-89.222890
52,123,-89.170978
53,123,-87.942588
54,123,-85.248258
55,123,-81.043657
56,123,-75.654963
57,123,-68.651000
58,123,-60.286000
59,123,-50.230000
44,124,-33.590000
45,124,-44.710000
46,124,-58.400000
47,124,-66.229951
48,124,-76.699436
49,124,-80.867778
50,124,-88.231475
51,124,-87.619069
52,124,-90.524142
53,124,-87.364555
54,124,-87.667405
55,124,-81.741060
56,124,-79.089786
57,124,-70.258617
58,124,-64.916000
59,124,-53.151000
60,124,-44.830000
44,125,-28.370000
45,125,-41.830000
46,125,-53.960000
47,125,-64.519939
48,125,-73.348090
49,125,-80.412308
50,125,-85.893657
51,125,-88.255094
52,125,-89.021794
53,125,-88.836024
54,125,-87.199361
55,125,-84.089742
56,125,-79.668976
57,125,-73.759492
58,125,-66.658000
59,125,-58.070000
60,125,-48.070000
45,126,-37.200000
46,126,-51.790000
47,126,-60.720000
48,126,-72.255727
49,126,-77.809377
50,126,-86.015135
51,126,-86.393135
52,126,-90.064168
53,126,-87.910496
54,126,-89.146387
55,126,-84.350683
56,126,-82.669913
57,126,-74.973476
58,126,-70.820565
59,126,-60.324000
60,126,-53.380000
61,126,-39.750000
45,127,-33.730000
46,127,-47.220000
47,127,-58.650000
48,127,-68.741199
49,127,-76.879897
50,127,-83.469578
51,127,-86.698294
52,127,-88.280497
53,127,-88.983217
54,127,-88.320883
55,127,-86.240027
56,127,-82.817955
57,127,-77.896116
58,127,-71.979344
59,127,-64.543000
60,127,-55.910000
61,127,-45.310000
45,128,-27.340000
46,128,-44.390000
47,128,-54.710000
48,128,-67.238245
49,128,-74.190117
50,128,-83.361430
51,128,-84.629852
52,128,-88.993794
53,128,-87.738030
54,128,-89.860534
55,128,-85.931773
56,128,-85.369156
57,128,-78.625439
58,128,-75.533925
59,128,-66.330764
60,128,-60.530000
61,128,-48.220000
62,128,-39.150000
46,129,-37.880000
47,129,-51.870000
48,129,-63.122142
49,129,-72.834889
50,129,-80.590597
51,129,-84.629384
52,129,-87.004884
53,129,-88.507176
54,129,-88.696070
55,129,-87.499050
56,129,-85.060866
57,129,-81.323541
58,129,-76.287504
59,129,-69.773566
60,129,-62.375000
61,129,-53.180000
62,129,-42.330000
46,130,-32.730000
47,130,-45.898000
48,130,-61.117597
49,130,-69.906530
50,130,-80.132217
51,130,-82.285687
52,130,-87.352960
53,130,-86.936188
54,130,-89.880474
55,130,-86.899754
56,130,-87.256776
57,130,-81.627374
58,130,-79.422913
59,130,-71.175464
60,130,-66.596239
61,130,-55.470000
62,130,-47.700000
63,130,-33.513000
46,131,-25.740000
47,131,-40.750000
48,131,-55.211760
49,131,-68.024369
50,131,-77.264579
51,131,-81.981412
52,131,-85.211022
53,131,-87.442727
54,131,-88.413575
55,131,-88.055574
56,131,-86.678958
57,131,-83.769265
58,131,-79.708448
59,131,-74.300664
60,131,-67.768040
61,131,-59.770000
62,131,-50.280000
63,131,-39.464000
47,132,-34.400000
48,132,-50.465429
49,132,-62.411554
50,132,-76.546554
51,132,-79.635282
52,132,-85.188197
53,132,-85.703502
54,132,-89.278975
55,132,-87.152693
56,132,-88.434903
57,132,-83.723578
58,132,-82.468688
59,132,-75.227464
60,132,-71.425815
61,132,-61.628000
62,132,-55.140000
63,132,-42.200000
47,133,-29.080000
48,133,-44.140000
49,133,-57.690000
50,133,-70.873890
51,133,-78.923513
52,133,-82.937133
53,133,-85.857302
54,133,-87.643583
55,133,-88.070943
56,133,-87.553512
57,133,-85.494392
58,133,-82.418223
59,133,-77.937591
60,133,-72.332380
61,133,-65.407653
62,133,-57.231000
63,133,-47.236000
64,133,-36.060000
48,134,-39.460000
49,134,-51.970000
50,134,-66.433759
51,134,-74.019004
52,134,-82.533752
53,134,-84.043440
54,134,-88.125834
55,134,-86.891165
56,134,-88.950002
57,134,-85.218659
58,134,-84.832898
59,134,-78.528000
60,134,-75.646443
61,134,-66.763908
62,134,-61.376000
63,134,-49.800000
64,134,-41.530000
48,135,-32.820000
49,135,-47.110000
50,135,-60.632252
51,135,-69.690332
52,135,-77.728790
53,135,-83.779180
54,135,-86.413365
55,135,-87.581956
56,135,-87.850655
57,135,-86.643458
58,135,-84.616308
59,135,-80.935872
60,135,-76.213620
61,135,-70.062329
62,135,-62.857222
63,135,-54.148000
64,135,-44.250000
65,135,-33.053000
49,136,-40.970000
50,136,-56.170000
51,136,-64.506890
52,136,-74.425279
53,136,-79.545225
54,136,-86.429170
55,136,-86.338855
56,136,-88.887079
57,136,-86.037488
58,136,-86.508550
59,136,-81.340421
60,136,-79.199297
61,136,-71.169923
62,136,-66.810899
63,136,-56.244000
64,136,-49.090000
65,136,-35.900000
49,137,-35.830000
50,137,-50.150000
51,137,-60.060392
52,137,-69.303762
53,137,-76.356268
54,137,-82.383414
55,137,-86.545772
56,137,-87.721401
57,137,-87.140865
58,137,-85.918765
59,137,-83.201814
60,137,-79.583969
61,137,-74.072858
62,137,-67.991655
63,137,-60.145904
64,137,-51.214000
65,137,-40.967000
50,138,-45.510000
51,138,-54.650000
52,138,-65.695995
53,138,-71.979910
54,138,-79.972244
55,138,-82.887028
56,138,-88.261806
57,138,-86.513408
58,138,-87.565867
59,138,-83.128867
60,138,-82.017182
61,138,-74.914370
62,138,-71.497772
63,138,-61.749676
64,138,-55.660000
65,138,-43.600000
66,138,-34.931000
50,139,-39.310000
51,139,-50.050000
52,139,-60.205080
53,139,-68.470964
54,139,-75.644586
55,139,-80.701088
56,139,-84.913918
57,139,-87.222381
58,139,-86.957741
59,139,-84.828652
60,139,-82.016930
61,139,-77.501028
62,139,-72.380229
63,139,-65.398051
64,139,-57.632000
65,139,-48.130000
66,139,-37.700000
50,140,-34.490000
51,140,-44.390000
52,140,-56.367449
53,140,-63.606223
54,140,-72.986461
55,140,-77.049738
56,140,-83.267905
57,140,-84.312059
58,140,-88.074227
59,140,-84.686227
60,140,-84.257246
61,140,-78.212046
62,140,-75.455945
63,140,-66.985945
64,140,-61.782278
65,140,-50.482278
66,140,-42.830000
67,140,-29.317000
51,141,-39.540000
52,141,-50.670000
53,141,-59.926666
54,141,-68.197309
55,141,-74.477351
56,141,-79.732492
57,141,-82.929844
58,141,-85.431058
59,141,-86.014533
60,141,-84.191520
61,141,-80.522932
62,141,-75.933959
63,141,-69.925647
64,141,-63.224231
65,141,-54.540843
66,141,-45.382000
67,141,-34.364000
51,142,-33.610000
52,142,-46.550000
53,142,-54.802969
54,142,-65.229648
55,142,-70.514556
56,142,-77.842257
57,142,-80.023950
58,142,-84.532896
59,142,-83.786367
60,142,-85.950055
61,142,-81.141536
62,142,-78.981930
63,142,-71.308930
64,142,-66.959522
65,142,-56.559522
66,142,-50.120000
67,142,-37.250000
68,142,-27.930000
52,143,-40.530000
53,143,-50.790000
54,143,-60.202882
55,143,-67.675519
56,143,-73.937205
57,143,-78.171467
58,143,-81.606378
59,143,-83.068200
60,143,-84.002310
61,143,-82.960664
62,143,-79.517135
63,143,-74.241311
64,143,-68.231311
65,143,-60.419192
66,143,-52.168949
67,143,-42.048000
68,143,-31.160000
52,144,-36.220000
53,144,-45.330000
54,144,-56.872301
55,144,-63.271362
56,144,-71.767130
57,144,-74.849660
58,144,-80.431942
59,144,-80.750588
60,144,-83.748028
61,144,-81.416116
62,144,-81.965626
63,144,-75.619175
64,144,-71.759511
65,144,-62.368188
66,144,-56.570091
67,144,-44.609521
68,144,-36.608000
69,144,-22.159000
52,145,-30.010000
53,145,-41.130000
54,145,-51.493337
55,145,-60.054424
56,145,-67.516183
57,145,-72.835325
58,145,-77.067059
59,145,-79.625990
60,145,-81.432004
61,145,-81.267506
62,145,-80.651407
63,145,-77.991524
64,145,-72.926626
65,145,-66.399693
66,145,-58.242607
67,145,-49.120113
68,145,-39.240000
69,145,-27.583000
53,146,-35.540000
54,146,-47.954950
55,146,-55.310380
56,146,-64.866269
57,146,-69.221174
58,146,-75.625868
59,146,-76.673486
60,146,-80.925916
61,146,-79.454360
62,146,-80.996360
63,146,-77.117603
64,146,-76.085823
65,146,-67.763644
66,146,-62.554928
67,146,-51.238227
68,146,-44.322019
69,146,-31.055000
53,147,-31.200000
54,147,-42.400000
55,147,-51.920073
56,147,-60.264036
57,147,-66.678397
58,147,-72.013902
59,147,-75.444093
60,147,-78.146794
61,147,-79.041984
62,147,-79.266048
63,147,-77.544611
64,147,-75.356928
65,147,-70.742674
66,147,-64.196047
67,147,-55.757101
68,147,-46.607814
69,147,-35.974407
54,148,-38.650000
55,148,-46.910950
56,148,-57.544911
57,148,-62.708742
58,148,-70.398424
59,148,-72.535452
60,148,-77.408066
61,148,-76.865877
62,148,-79.336067
63,148,-76.297482
64,148,-76.269419
65,148,-70.536947
66,148,-67.859397
67,148,-57.991166
68,148,-51.478997
69,148,-38.765034
70,148,-30.230000
54,149,-33.000000
55,149,-43.300000
56,149,-52.830620
57,149,-60.219921
58,149,-66.669921
59,149,-71.039373
60,149,-74.375535
61,149,-76.064404
62,149,-77.135898
63,149,-76.441317
64,149,-75.127173
65,149,-71.488639
66,149,-67.693990
67,149,-61.645854
68,149,-53.741621
69,149,-43.940000
70,149,-33.330000
54,150,-28.990000
55,150,-38.170000
56,150,-49.889799
57,150,-56.311147
58,150,-64.846863
59,150,-68.300509
60,150,-73.679951
61,150,-73.597336
62,150,-77.051336
63,150,-74.792369
64,150,-75.764051
65,150,-71.105789
66,150,-69.309618
67,150,-61.945892
68,150,-57.831323
69,150,-46.491000
70,150,-38.830000
71,150,-24.771000
55,151,-34.280000
56,151,-44.940000
57,151,-53.310339
58,151,-61.225058
59,151,-66.779681
60,151,-70.943183
61,151,-73.386260
62,151,-74.576480
63,151,-74.653098
64,151,-74.188920
65,151,-71.623541
66,151,-68.752388
67,151,-63.622746
68,151,-58.266290
69,151,-50.771613
70,151,-41.542352
71,151,-30.300000
55,152,-29.130000
56,152,-41.610000
57,152,-49.290000
58,152,-58.980000
59,152,-63.758070
60,152,-70.149663
61,152,-71.254468
62,152,-74.762977
63,152,-72.888500
64,152,-74.707304
65,152,-70.717304
66,152,-70.117963
67,152,-63.604636
68,152,-60.500218
69,152,-51.720279
70,152,-46.270386
71,152,-33.422000
56,153,-36.470000
57,153,-46.060000
58,153,-54.910000
59,153,-61.568490
60,153,-67.330380
61,153,-70.648003
62,153,-72.560059
63,153,-73.367466
64,153,-72.882944
65,153,-71.313610
66,153,-69.143197
67,153,-65.012074
68,153,-60.466682
69,153,-53.972610
70,153,-47.160000
71,153,-38.375462
72,153,-27.300000
56,154,-32.920000
57,154,-41.530000
58,154,-52.220000
59,154,-57.859602
60,154,-65.579602
61,154,-68.266602
62,154,-72.455564
63,154,-71.738367
64,154,-73.706358
65,154,-70.156707
66,154,-70.394015
67,154,-64.639378
68,154,-62.604974
69,154,-54.427142
70,154,-49.932093
71,154,-39.667000
72,154,-32.730000
57,155,-37.930000
58,155,-47.780000
59,155,-55.415335
60,155,-62.283796
61,155,-66.940006
62,155,-70.191206
63,155,-71.818337
64,155,-72.070298
65,155,-71.250439
66,155,-69.155939
67,155,-66.039799
68,155,-62.209172
69,155,-56.625921
70,155,-50.502614
71,155,-42.545056
72,155,-34.310000
73,155,-23.988000
57,156,-33.050000
58,156,-44.820000
59,156,-51.449307
60,156,-60.202130
61,156,-64.166847
62,156,-69.360735
63,156,-70.082844
64,156,-72.535333
65,156,-70.091010
66,156,-70.529386
67,156,-65.538403
68,156,-64.211683
69,156,-56.834417
70,156,-53.265538
71,156,-43.699550
72,156,-37.819514
73,156,-26.001000
57,157,-29.070000
58,157,-39.930000
59,157,-48.434806
60,157,-56.494117
61,157,-62.297116
62,157,-66.677654
63,157,-69.459134
64,157,-70.823896
65,157,-70.763848
66,157,-69.424669
67,157,-66.832862
68,157,-63.413648
69,157,-58.709279
70,157,-53.419912
71,157,-46.439818
72,157,-38.855000
73,157,-29.595948
74,157,-19.690000
58,158,-36.540000
59,158,-44.150000
60,158,-53.835123
61,158,-59.106143
62,158,-65.251849
63,158,-67.270461
64,158,-70.689969
65,158,-69.470883
66,158,-70.407152
67,158,-66.187396
68,158,-65.303815
69,158,-58.703200
70,158,-56.009620
71,158,-47.212200
72,158,-42.102399
73,158,-31.118000
74,158,-23.693000
58,159,-31.340000
59,159,-40.770000
60,159,-49.724007
61,159,-56.554351
62,159,-62.207849
63,159,-66.043386
64,159,-68.561857
65,159,-69.532582
66,159,-69.167220
67,159,-67.329620
68,159,-64.561120
69,159,-60.570404
70,159,-55.833517
71,159,-49.708609
72,159,-42.852606
73,159,-34.439157
74,159,-25.434000
75,159,-14.805000
59,160,-36.200000
60,160,-46.724515
61,160,-52.894639
62,160,-60.233172
63,160,-63.493449
64,160,-67.942060
65,160,-67.836474
66,160,-69.672425
67,160,-66.382425
68,160,-66.064176
69,160,-60.301037
70,160,-58.163227
71,160,-50.269942
72,160,-45.938747
73,160,-35.823700
74,160,-29.329073
75,160,-16.878000
59,161,-32.490000
60,161,-42.230000
61,161,-50.086589
62,161,-56.672043
63,161,-61.791601
64,161,-65.506142
65,161,-67.461778
66,161,-68.055494
67,161,-67.196294
68,161,-65.201298
69,161,-61.898715
70,161,-57.834248
71,161,-52.562349
72,161,-46.315817
73,161,-38.778575
74,161,-30.507000
75,161,-20.842820
76,161,-10.196000
60,162,-39.010000
61,162,-46.040000
62,162,-54.379053
63,162,-58.722944
64,162,-64.280720
65,162,-65.879548
66,162,-68.181169
67,162,-66.040563
68,162,-66.334210
69,162,-61.477482
70,162,-59.821163
71,162,-52.831759
72,162,-49.168426
73,162,-39.781405
74,162,-33.999217
75,162,-22.453000
76,162,-14.500000
60,163,-34.080000
61,163,-42.960000
62,163,-50.599612
63,163,-56.573819
64,163,-61.388591
65,163,-64.595754
66,163,-66.380858
67,163,-66.378027
68,163,-65.167413
69,163,-62.728413
70,163,-59.293878
71,163,-54.791415
72,163,-49.269320
73,163,-42.534634
74,163,-34.908439
75,163,-26.002253
76,163,-16.336000
77,163,-5.310000
61,164,-38.360000
62,164,-47.925314
63,164,-53.232146
64,164,-59.693688
65,164,-62.104983
66,164,-65.967649
67,164,-64.980517
68,164,-65.942573
69,164,-61.908943
70,164,-61.012171
71,164,-54.642376
72,164,-51.818356
73,164,-43.282805
74,164,-38.235555
75,164,-27.472441
76,164,-20.424723
77,164,-7.483000
61,165,-34.670000
62,165,-43.510000
63,165,-50.729103
64,165,-56.525782
65,165,-60.588849
66,165,-63.612289
67,165,-64.898017
68,165,-64.521353
69,165,-62.930024
70,165,-60.295388
71,165,-56.442248
72,165,-51.635513
73,165,-45.847872
74,165,-38.861316
75,165,-30.659353
76,165,-21.747000
77,165,-11.595000
78,165,-0.318000
62,166,-40.450000
63,166,-46.749000
64,166,-54.370926
65,166,-57.808778
66,166,-62.584471
67,166,-63.070339
68,166,-64.924145
69,166,-61.886478
70,166,-61.593706
71,166,-56.020987
72,166,-53.858989
73,166,-46.097780
74,166,-41.887471
75,166,-31.837335
76,166,-25.431526
77,166,-13.306000
78,166,-4.783000
62,167,-35.330000
63,167,-43.770000
64,167,-50.775732
65,167,-55.883082
66,167,-59.911451
67,167,-62.279459
68,167,-63.289256
69,167,-62.543117
70,167,-60.589900
71,167,-57.526281
72,167,-53.467761
73,167,-48.351064
74,167,-42.093212
75,167,-34.834000
76,167,-26.498860
77,167,-17.072448
78,167,-6.753000
62,168,-31.640000
63,168,-39.250000
64,168,-48.150000
65,168,-52.781181
66,168,-58.558398
67,168,-60.059231
68,168,-62.989231
69,168,-61.312379
70,168,-61.579867
71,168,-57.072832
72,168,-55.360557
73,168,-48.393913
74,168,-44.892930
75,168,-35.794889
76,168,-29.994995
77,168,-18.666230
78,168,-11.010078
79,168,2.530000
63,169,-35.660000
64,169,-43.890000
65,169,-50.480000
66,169,-55.596010
67,169,-58.796010
68,169,-60.921163
69,169,-61.274654
70,169,-60.375527
71,169,-58.082527
72,169,-54.716895
73,169,-50.290435
74,169,-44.917866
75,169,-38.409247
76,169,-30.722984
77,169,-22.093416
78,169,-12.464000
79,169,-1.788000
63,170,-30.860000
64,170,-40.850000
65,170,-46.710000
66,170,-53.710000
67,170,-56.237514
68,170,-60.107514
69,170,-59.795314
70,170,-60.763929
71,170,-57.306234
72,170,-56.253860
73,170,-50.137670
74,170,-47.290804
75,170,-38.903996
76,170,-33.925692
77,170,-23.182000
78,170,-16.299202
79,170,-3.703000
80,170,5.415000
64,171,-36.210000
65,171,-43.770000
66,171,-50.010000
67,171,-54.517822
68,171,-57.717822
69,171,-59.210271
70,171,-59.306818
71,171,-57.828465
72,171,-55.431351
73,171,-51.720279
74,171,-47.086095
75,171,-41.250285
76,171,-34.297238
77,171,-26.412030
78,171,-17.466569
79,171,-7.562303
80,171,3.339000
64,172,-32.970000
65,172,-39.690000
66,172,-47.760000
67,172,-51.484000
68,172,-56.482578
69,172,-57.373554
70,172,-59.255456
71,172,-56.736076
72,172,-56.402232
73,172,-51.329983
74,172,-49.097191
75,172,-41.566839
76,172,-37.243641
77,172,-27.379373
78,172,-21.106670
79,172,-9.318011
80,172,-1.061361
65,173,-36.510000
66,173,-43.740000
67,173,-49.351000
68,173,-53.654000
69,173,-56.256067
70,173,-57.551234
71,173,-56.881014
72,173,-55.411790
73,173,-52.396543
74,173,-48.727388
75,173,-43.553870
76,173,-37.438250
77,173,-30.268456
78,173,-21.936758
79,173,-12.832017
80,173,-2.661000
65,174,-31.970000
66,174,-41.130000
67,174,-45.870000
68,174,-51.949000
69,174,-53.864521
70,174,-56.944521
71,174,-55.570292
72,174,-55.844583
73,174,-51.740771
74,174,-50.227093
75,174,-43.673101
76,174,-39.995383
77,174,-30.785937
78,174,-25.317608
79,174,-14.058000
80,174,-6.641017
66,175,-36.730000
67,175,-43.300000
68,175,-48.652000
69,175,-52.310556
70,175,-54.695556
71,175,-55.165678
72,175,-54.481763
73,175,-52.408653
74,175,-49.632800
75,175,-45.288312
76,175,-40.105360
77,175,-33.394511
78,175,-25.708684
79,175,-17.403686
80,175,-7.969443
66,176,-33.610000
67,176,-39.390000
68,176,-46.631000
69,176,-49.371322
70,176,-53.491322
71,176,-53.382333
72,176,-54.576428
73,176,-51.365379
74,176,-50.641608
75,176,-45.062890
76,176,-42.131184
77,176,-33.881923
78,176,-28.933918
79,176,-18.520967
80,176,-11.784639
81,176,0.584728
67,177,-36.280000
68,177,-42.858000
69,177,-47.570000
70,177,-50.986404
71,177,-52.383903
72,177,-52.880745
73,177,-51.714745
74,177,-49.701731
75,177,-46.269175
76,177,-41.956448
77,177,-36.047425
78,177,-29.370437
79,177,-21.545736
80,177,-12.775823
81,177,-3.340103
67,178,-32.130000
68,178,-40.260000
69,178,-44.240000
70,178,-49.677139
71,178,-50.337881
72,178,-52.435366
73,178,-50.598000
74,178,-50.407066
75,178,-45.653457
76,178,-43.544243
77,178,-36.254314
78,178,-31.997486
79,178,-22.303029
80,178,-16.315346
81,178,-4.613000
82,178,3.573371
68,179,-36.080000
69,179,-41.900000
70,179,-46.640000
71,179,-49.059013
72,179,-50.463036
73,179,-50.357456
74,179,-49.295247
75,179,-46.584312
76,179,-43.020137
77,179,-38.081719
78,179,-32.268127
79,179,-24.988572
80,179,-16.932924
81,179,-8.269632
82,179,2.051608
68,180,-33.180000
69,180,-38.170000
70,180,-44.720000
71,180,-46.676476
72,180,-49.779476
73,180,-48.933631
74,180,-49.636243
75,180,-45.837364
76,180,-44.356198
77,180,-37.977530
78,180,-34.429875
79,180,-25.625646
80,180,-20.250513
81,180,-9.390438
82,180,-1.941069
69,181,-35.440000
70,181,-41.088000
71,181,-44.797414
72,181,-47.402958
73,181,-48.439064
74,181,-48.233945
75,181,-46.517412
76,181,-43.549968
77,181,-39.463035
78,181,-34.381497
79,181,-27.871140
80,181,-20.661127
81,181,-12.798749
82,181,-3.110631
69,182,-31.490000
70,182,-38.900000
71,182,-41.770000
72,182,-46.049636
73,182,-46.430685
74,182,-48.246144
75,182,-45.446144
76,182,-44.609109
77,182,-39.051682
78,182,-36.168420
79,182,-28.303976
80,182,-23.576885
81,182,-13.327213
82,182,-6.824556
70,183,-35.000000
71,183,-39.716114
72,183,-43.283547
73,183,-45.293547
74,183,-46.365663
75,183,-45.809663
76,183,-43.663760
77,183,-40.202138
78,183,-35.773197
79,183,-30.191488
80,183,-23.804655
81,183,-16.587261
82,183,-7.580008
70,184,-32.600000
71,184,-36.300000
72,184,-41.499453
73,184,-42.839453
74,184,-45.705453
75,184,-44.219819
76,184,-44.252565
77,184,-39.610855
78,184,-37.332486
79,184,-30.318714
80,184,-26.344787
81,184,-16.883355
82,184,-11.051586
83,184,1.254000
70,185,-28.480000
71,185,-33.960000
72,185,-38.319804
73,185,-41.394371
74,185,-43.387871
75,185,-43.819047
76,185,-42.805908
77,185,-40.335558
78,185,-36.688144
79,185,-31.858150
80,185,-26.183651
81,185,-19.757745
82,185,-11.541211
83,185,-2.236000
71,186,-30.320000
72,186,-36.424214
73,186,-38.607602
74,186,-42.508602
75,186,-41.927320
76,186,-43.000032
77,186,-39.172350
78,186,-37.864447
79,186,-31.714856
80,186,-28.539059
81,186,-19.882940
82,186,-14.680897
83,186,-3.145497
84,186,4.101531
71,187,-27.770000
72,187,-33.000000
73,187,-36.895550
74,187,-39.904044
75,187,-41.216548
76,187,-41.219015
77,187,-39.549377
78,187,-36.685361
79,187,-33.028780
80,187,-28.118509
81,187,-22.444592
82,187,-14.986955
83,187,-6.383275
84,187,2.823808
71,188,-23.820000
72,188,-30.830000
73,188,-33.910000
74,188,-38.667880
75,188,-39.016880
76,188,-41.137301
77,188,-38.344955
78,188,-37.820970
79,188,-32.371315
80,188,-30.198351
81,188,-22.336403
82,188,-17.811024
83,188,-7.194800
84,188,-0.544378
72,189,-27.150000
73,189,-31.960000
74,189,-35.809000
75,189,-37.979097
76,189,-38.986802
77,189,-38.449652
78,189,-36.469405
79,189,-33.581958
80,189,-29.626378
81,189,-24.616105
82,189,-17.844019
83,189,-10.064664
84,189,-1.421996
72,190,-24.800000
73,190,-28.720000
74,190,-34.368832
75,190,-35.583015
76,190,-38.707825
77,190,-36.753614
78,190,-37.306504
79,190,-32.833540
80,190,-31.370625
81,190,-24.366236
82,190,-20.416607
83,190,-10.595906
84,190,-4.562708
73,191,-26.520000
74,191,-31.176176
75,191,-34.350408
76,191,-36.395239
77,191,-36.708826
78,191,-35.698336
79,191,-33.797910
80,191,-30.591849
81,191,-26.282951
82,191,-20.291243
83,191,-13.239351
84,191,-5.068731
85,191,3.863913
73,192,-23.100000
74,192,-29.620000
75,192,-31.588828
76,192,-35.882303
77,192,-34.835631
78,192,-36.288525
79,192,-32.772184
80,192,-32.011481
81,192,-25.872249
82,192,-22.551846
83,192,-13.534537
84,192,-8.066483
85,192,2.925742
73,193,-20.810000
74,193,-26.190000
75,193,-30.231641
76,193,-33.394401
77,193,-34.536305
78,193,-34.479677
79,193,-33.404829
80,193,-31.062165
81,193,-27.477218
82,193,-22.229255
83,193,-15.884563
84,193,-8.325302
85,193,-0.067323
86,193,9.042920
73,194,-17.130000
74,194,-24.410000
75,194,-27.260000
76,194,-32.435176
77,194,-32.531776
78,194,-34.760101
79,194,-32.211950
80,194,-32.183952
81,194,-26.937498
82,194,-24.207866
83,194,-16.023020
84,194,-11.004617
85,194,-0.716490
86,194,5.724624
74,195,-20.740000
75,195,-25.560000
76,195,-29.511596
77,195,-31.692318
78,195,-32.793878
79,195,-32.567061
80,195,-31.013342
81,195,-28.155292
82,195,-23.738039
83,195,-18.025567
84,195,-11.116655
85,195,-3.470299
86,195,5.050285
74,196,-18.740000
75,196,-22.360000
76,196,-28.277123
77,196,-29.435522
78,196,-32.644538
79,196,-31.138718
80,196,-31.825944
81,196,-27.496598
82,196,-25.348234
83,196,-18.009032
84,196,-13.468731
85,196,-3.913175
86,196,1.975169
74,197,-14.870000
75,197,-20.350000
76,197,-25.080000
77,197,-28.264123
78,197,-30.419775
79,197,-31.139751
80,197,-30.540231
81,197,-28.354222
82,197,-24.745385
83,197,-19.687196
84,197,-13.393078
85,197,-6.355255
86,197,1.510368
87,197,10.253968
75,198,-16.990000
76,198,-23.600000
77,198,-25.710000
78,198,-29.904018
79,198,-29.580793
80,198,-30.954315
81,198,-27.528753
82,198,-26.067443
83,198,-19.373851
84,198,-15.473278
85,198,-6.708747
86,198,-1.230320
87,198,9.577698
75,199,-14.730000
76,199,-20.270000
77,199,-24.398534
78,199,-27.388700
79,199,-29.093752
80,199,-29.546066
81,199,-28.059397
82,199,-25.231734
83,199,-20.797616
84,199,-15.238829
85,199,-8.823377
86,199,-1.559846
87,199,6.771388
76,200,-18.550000
77,200,-21.570000
78,200,-26.599178
79,200,-27.240094
80,200,-29.503267
81,200,-27.047227
82,200,-26.250858
83,200,-20.370574
84,200,-16.941683
85,200,-8.987894
86,200,-4.000454
87,200,6.133578
76,201,-14.840000
77,201,-19.840000
78,201,-23.740705
79,201,-26.400705
80,201,-27.662529
81,201,-27.180778
82,201,-25.271033
83,201,-21.429006
84,201,-16.521166
85,201,-10.789441
86,201,-4.107413
87,201,3.588573
88,201,11.936817
76,202,-12.530000
77,202,-16.640000
78,202,-22.692128
79,202,-24.352982
80,202,-27.345310
81,202,-25.980419
82,202,-25.940608
83,202,-20.750854
84,202,-17.941569
85,202,-10.595106
86,202,-6.274561
87,202,3.101538
88,202,9.074900
76,203,-7.270000
77,203,-14.370000
78,203,-19.510000
79,203,-23.143444
80,203,-25.269203
81,203,-25.761309
82,203,-24.786483
83,203,-21.524893
84,203,-17.310819
85,203,-12.162607
86,203,-6.184045
87,203,0.876412
88,203,8.601331
77,204,-9.570000
78,204,-17.620000
79,204,-20.390000
80,204,-24.690148
81,204,-24.346070
82,204,-25.109815
83,204,-20.645927
84,204,-18.341045
85,204,-11.875252
86,204,-7.970115
87,204,0.607308
88,204,6.061097
77,205,-5.600000
78,205,-12.820000
79,205,-18.570000
80,205,-22.287719
81,205,-23.820802
82,205,-23.770162
83,205,-21.065569
84,205,-17.521398
85,205,-12.984519
86,205,-7.709764
87,205,-1.309816
88,205,5.803853
89,205,14.106689
78,206,-9.240000
79,206,-14.190000
80,206,-20.945728
81,206,-22.253293
82,206,-23.785506
83,206,-20.028201
84,206,-18.188668
85,206,-12.439388
86,206,-9.132918
87,206,-1.246859
88,206,3.565613
89,206,13.484754
78,207,-4.140000
79,207,-10.640000
80,207,-16.487446
81,207,-21.034436
82,207,-22.451968
83,207,-20.054554
84,207,-17.145700
85,207,-13.227482
86,207,-8.634742
87,207,-2.849021
88,207,3.513988
89,207,11.146228
78,208,-0.500000
79,208,-5.910000
80,208,-13.265408
81,208,-16.750121
82,208,-21.748519
83,208,-18.870151
84,208,-17.469207
85,208,-12.469901
86,208,-9.655389
87,208,-2.664928
88,208,1.727934
89,208,10.760854
90,208,16.688041
79,209,-2.230000
80,209,-8.610000
81,209,-13.644793
82,209,-17.614574
83,209,-18.258589
84,209,-16.366015
85,209,-12.883773
86,209,-8.941049
87,209,-3.782144
88,209,1.858240
89,209,8.844887
90,209,16.395000
79,210,2.680000
80,210,-5.300000
81,210,-9.246996
82,210,-14.728429
83,210,-14.791905
84,210,-15.953060
85,210,-11.972099
86,210,-9.604764
87,210,-3.343508
88,210,0.442839
89,210,8.764079
90,210,14.059521
80,211,-0.390000
81,211,-6.077999
82,211,-10.493012
83,211,-11.859116
84,211,-12.432492
85,211,-11.647191
86,211,-8.755330
87,211,-4.140314
88,211,0.831870
89,211,7.143485
90,211,13.876396
91,211,22.052226
80,212,3.020000
81,212,-1.551000
82,212,-7.548929
83,212,-8.117943
84,212,-10.369408
85,212,-8.628149
86,212,-8.659219
87,212,-3.515998
88,212,-0.198763
89,212,7.299600
90,212,12.110886
91,212,21.596523
80,213,8.200000
81,213,1.783811
82,213,-3.203598
83,213,-5.231671
84,213,-6.653519
85,213,-6.579522
86,213,-5.695949
87,213,-3.554199
88,213,0.345557
89,213,6.141029
90,213,12.120108
91,213,19.654194
80,214,11.770000
81,214,6.465000
82,214,-0.183019
83,214,-1.200780
84,214,-4.469972
85,214,-3.379151
86,214,-4.319664
87,214,-0.958327
88,214,0.092740
89,214,6.433272
90,214,10.694932
91,214,19.459895
80,215,17.110000
81,215,10.030000
82,215,4.342245
83,215,1.629272
84,215,-0.541771
85,215,-1.256583
86,215,-1.168990
87,215,0.318137
88,215,2.531995
89,215,6.030550
90,215,10.921434
91,215,17.804537
92,215,24.889312
80,216,20.920000
81,216,14.870000
82,216,7.510000
83,216,5.873988
84,216,1.782336
85,216,2.256678
86,216,0.253312
87,216,2.971022
88,216,3.291466
89,216,8.149736
90,216,10.298537
91,216,17.823799
92,216,23.066429
81,217,18.660000
82,217,12.260000
83,217,8.729963
84,217,5.883452
85,217,4.394598
86,217,3.658566
87,217,4.314663
88,217,5.889536
89,217,8.702321
90,217,12.205780
91,217,17.054748
92,217,22.971000
81,218,23.710000
82,218,15.630000
83,218,13.216038
84,218,8.356652
85,218,8.100218
86,218,5.217413
87,218,7.059440
88,218,6.645556
89,218,10.850845
90,218,12.366747
91,218,18.649568
92,218,21.894655
82,219,20.620000
83,219,16.320000
84,219,12.681361
85,219,10.396021
86,219,8.829337
87,219,8.616939
88,219,9.393853
89,219,11.569553
90,219,14.462780
91,219,18.583223
92,219,23.295953
93,219,29.436951
82,220,24.130000
83,220,20.960000
84,220,15.263462
85,220,14.375748
86,220,10.611994
87,220,11.482332
88,220,10.272091
89,220,13.743755
90,220,14.689538
91,220,20.278397
92,220,23.013000
93,220,30.475022
83,221,24.200000
84,221,19.773757
85,221,16.782729
86,221,14.471354
87,221,13.277251
88,221,12.963877
89,221,14.531048
90,221,16.939926
91,221,20.374937
92,221,24.519996
93,221,29.910000
94,221,35.930000
83,222,28.950000
84,222,22.486268
85,222,20.953028
86,222,16.371957
87,222,16.378103
88,222,14.320205
89,222,16.621797
90,222,17.203039
91,222,22.064361
92,222,24.272834
93,222,31.274641
94,222,35.060000
83,223,32.240000
84,223,27.079000
85,223,23.428008
86,223,20.389738
87,223,18.382329
88,223,17.233245
89,223,17.825055
90,223,19.385402
91,223,22.337614
92,223,26.045278
93,223,30.658583
94,223,36.121000
95,223,42.700000
83,224,37.070000
84,224,29.910000
85,224,27.711018
86,224,22.445098
87,224,21.748614
88,224,18.825832
89,224,20.234148
90,224,19.995581
91,224,23.862351
92,224,25.742690
93,224,32.032248
94,224,35.280000
95,224,43.260000
84,225,34.580000
85,225,30.300000
86,225,26.534143
87,225,23.820602
88,225,21.993044
89,225,21.637305
90,225,22.310193
91,225,24.356640
92,225,27.372001
93,225,31.618098
94,225,36.300000
95,225,42.390000
84,226,37.549000
85,226,34.660000
86,226,28.747194
87,226,27.520539
88,226,23.667576
89,226,24.309201
90,226,23.197649
91,226,26.033600
92,226,27.328797
93,226,32.816877
94,226,35.630000
95,226,42.970000
84,227,42.281000
85,227,37.430000
86,227,32.885835
87,227,29.682445
88,227,27.177464
89,227,25.849515
90,227,25.804759
91,227,26.830371
92,227,29.045034
93,227,32.579018
94,227,36.770000
95,227,42.180000
85,228,41.880000
86,228,35.243466
87,228,33.384221
88,228,28.940194
89,228,28.894654
90,228,26.770899
91,228,28.923599
92,228,29.220001
93,228,33.825000
94,228,36.107809
95,228,42.850000
85,229,44.890000
86,229,39.362400
87,229,35.668253
88,229,32.561963
89,229,30.689936
90,229,29.585517
91,229,29.896848
92,229,31.210620
93,229,33.801378
94,229,37.394924
95,229,42.180414
86,230,42.170000
87,230,39.486769
88,230,34.516306
89,230,33.838386
90,230,30.862512
91,230,32.173543
92,230,31.615017
93,230,35.236615
94,230,36.932170
95,230,42.872000
86,231,46.550000
87,231,42.080575
88,231,38.216488
89,231,35.762853
90,231,33.815811
91,231,33.424338
92,231,33.805952
93,231,35.623686
94,231,38.308577
95,231,42.410000
96,231,47.270000
87,232,46.072834
88,232,40.496955
89,232,39.154423
90,232,35.446710
91,232,35.946549
92,232,34.609445
93,232,37.359000
94,232,38.360915
95,232,43.420000
96,232,46.333000
87,233,48.920052
88,233,44.334062
89,233,41.308037
90,233,38.731642
91,233,37.489410
92,233,36.919111
93,233,37.948531
94,233,40.051836
95,233,43.285000
96,233,47.293340
97,233,52.771000
88,234,46.930629
89,234,44.841195
90,234,40.612958
91,234,40.338870
92,234,38.144959
93,234,39.954806
94,234,40.349986
95,234,44.462000
96,234,46.722411
97,234,53.395000
88,235,51.130000
89,235,47.357160
90,235,44.017754
91,235,42.288901
92,235,40.918782
93,235,41.043044
94,235,42.182346
95,235,44.624602
96,235,48.013000
97,235,52.770000
89,236,51.220998
90,236,46.255203
91,236,45.333955
92,236,42.444582
93,236,43.378094
94,236,42.901508
95,236,46.041000
96,236,47.852820
97,236,53.542000
89,237,54.020000
90,237,49.955097
91,237,47.527624
92,237,45.390133
93,237,44.871599
94,237,45.091662
95,237,46.570000
96,237,49.247151
97,237,53.210000
98,237,57.938255
90,238,52.525000
91,238,50.894043
92,238,47.307732
93,238,47.454597
94,238,46.163148
95,238,48.421421
96,238,49.445203
97,238,54.216000
98,238,57.278000
90,239,56.500000
91,239,53.337000
92,239,50.572668
93,239,49.311005
94,239,48.588220
95,239,49.390360
96,239,51.146962
97,239,54.250000
98,239,58.202000
99,239,63.630000
91,240,57.010000
92,240,52.715497
93,240,52.316229
94,240,50.125319
95,240,51.510110
96,240,51.724222
97,240,55.664000
98,240,57.988719
99,240,64.225000
91,241,59.740000
92,241,56.197000
93,241,54.315115
94,241,52.955115
95,241,52.934335
96,241,53.701770
97,241,55.981000
98,241,59.327000
99,241,63.893000
100,241,69.220000
92,242,58.620000
93,242,57.416876
94,242,54.716876
95,242,55.468014
96,242,54.803699
97,242,57.752000
98,242,59.386982
99,242,64.801000
100,242,68.400000
92,243,62.480000
93,243,59.806000
94,243,57.754561
95,243,57.175005
96,243,57.181936
97,243,58.689629
98,243,60.990000
99,243,64.747000
100,243,69.316000
93,244,63.240000
94,244,59.806021
95,244,59.879135
96,244,58.451835
97,244,60.713825
98,244,61.478096
99,244,66.026000
100,244,68.964000
101,244,75.597000
93,245,65.850000
94,245,63.178173
95,245,61.900417
96,245,61.004524
97,245,61.813776
98,245,63.385151
99,245,66.315000
100,245,70.192000
101,245,75.325000
94,246,65.394772
95,246,64.994000
96,246,62.616912
97,246,63.966912
98,246,64.090228
99,246,67.818802
100,246,70.191187
101,246,76.115000
94,247,69.210000
95,247,67.153000
96,247,65.533105
97,247,65.489521
98,247,66.109392
99,247,68.578393
100,247,71.672000
101,247,75.936000
95,248,70.563000
96,248,67.392748
97,248,68.131053
98,248,67.237951
99,248,70.299000
100,248,71.897793
101,248,76.948000
102,248,80.689000
95,249,73.104000
96,249,70.750696
97,249,69.846333
98,249,69.722733
99,249,71.175000
100,249,73.519143
101,249,77.180952
102,249,81.787000
96,250,72.989588
97,250,72.952006
98,250,71.170336
99,250,73.225000
100,250,74.072193
101,250,78.399140
102,250,81.566000
96,251,76.647981
97,251,75.227981
98,251,74.134981
99,251,74.511547
100,251,75.958808
101,251,78.966749
102,251,82.849000
103,251,87.830000
96,252,79.056000
97,252,78.535000
98,252,76.034610
99,252,77.294610
100,252,76.816611
101,252,80.467118
102,252,82.871370
103,252,88.537000
97,253,80.929000
98,253,79.301562
99,253,79.010486
100,253,79.345549
101,253,81.173000
102,253,84.358696
103,253,88.523471
104,253,93.642000
97,254,84.393000
98,254,81.341395
99,254,81.994151
100,254,80.902521
101,254,83.453000
102,254,84.723312
103,254,89.645887
104,254,93.201000
98,255,84.809000
99,255,84.089237
100,255,83.800465
101,255,84.842069
102,255,86.811934
103,255,89.947305
104,255,94.329000
105,255,99.595000
98,256,87.041000
99,256,87.185000
100,256,85.484796
101,256,87.456000
102,256,87.823046
103,256,91.746603
104,256,94.221992
105,256,100.298000
99,257,89.403000
100,257,88.590137
101,257,88.992472
102,257,90.247064
103,257,92.665000
104,257,95.866389
105,257,100.154285
99,258,92.702000
100,258,90.426000
101,258,91.690350
102,258,91.477000
103,258,94.782000
104,258,96.344338
105,258,101.507703
106,258,105.296000
100,259,93.704000
101,259,93.564000
102,259,94.079381
103,259,95.851000
104,259,98.367000
105,259,101.991021
106,259,106.519000
100,260,95.766000
101,260,96.550000
102,260,95.610000
103,260,98.277000
104,260,99.148000
105,260,103.673000
106,260,106.547495
107,260,113.123000
101,261,98.578000
102,261,98.455000
103,261,99.557000
104,261,101.318233
105,261,104.308000
106,261,108.005004
107,261,113.079410
101,262,101.667000
102,262,100.101000
103,262,102.105000
104,262,102.392000
105,262,106.253000
106,262,108.369072
107,262,114.252119
102,263,103.129000
103,263,103.669000
104,263,104.757000
105,263,107.110000
106,263,110.195000
107,263,114.496000
108,263,119.678000
102,264,105.011000
103,264,106.375000
104,264,106.075000
105,264,109.262000
106,264,110.783000
107,264,115.958000
108,264,119.563165
103,265,108.233000
104,265,108.690000
105,265,110.382000
106,265,112.794000
107,265,116.395000
108,265,120.900245
109,265,126.624000
103,266,111.662000
104,266,110.136000
105,266,112.740000
106,266,113.617000
107,266,118.104000
108,266,121.139675
109,266,127.672681
104,267,113.444000
105,267,114.014000
106,267,115.806000
107,267,118.765000
108,267,122.658000
109,267,127.791000
110,267,133.880000
104,268,115.476000
105,268,117.060000
106,268,116.800000
107,268,120.707000
108,268,122.968000
109,268,129.151000
110,268,133.648000
105,269,119.148000
106,269,119.692000
107,269,121.477000
108,269,124.493000
109,269,129.300000
110,269,134.834671
105,270,122.397000
106,270,121.431000
107,270,124.230000
108,270,125.112000
109,270,130.709000
110,270,134.681584
106,271,124.617000
107,271,125.859000
108,271,127.691000
109,271,131.100000
110,271,135.952000
106,272,126.520000
107,272,128.787000
108,272,129.004000
109,272,133.481000
110,272,136.083000
111,272,142.773000
106,273,129.920000
107,273,130.683000
108,273,131.767000
109,273,134.782000
110,273,138.285000
111,273,142.885000
107,274,133.762000
108,274,133.406000
109,274,137.249000
110,274,139.197000
111,274,144.612000
107,275,135.780000
108,275,136.492000
109,275,138.767000
110,275,141.666000
111,275,145.395000
107,276,138.950000
108,276,138.185000
109,276,141.312000
110,276,142.539000
111,276,147.386000
112,276,150.360000
107,277,141.100000
108,277,141.375000
109,277,143.008000
110,277,145.092000
111,277,148.407000
112,277,152.332000
107,278,144.370000
108,278,143.220000
109,278,145.767000
110,278,146.251000
111,278,150.521000
112,278,152.842000
113,278,159.030000
108,279,146.500000
109,279,147.585000
110,279,149.024000
111,279,151.721000
112,279,155.021000
113,279,159.460000
108,280,148.420000
109,280,150.510000
110,280,150.320000
111,280,153.886000
112,280,155.654000
113,280,161.240000
109,281,152.400000
110,281,153.273000
111,281,155.333000
112,281,157.947000
113,281,161.810000
109,282,155.455000
110,282,154.790000
111,282,157.742000
112,282,158.826000
113,282,163.729000
110,283,157.830000
111,283,159.380000
112,283,161.337000
113,283,164.563000
110,284,159.460000
111,284,161.970000
112,284,162.415000
113,284,166.591000
114,284,168.779000
111,285,163.730000
112,285,165.086000
113,285,167.768000
114,285,170.932000
111,286,166.510000
112,286,166.450000
113,286,169.957000
114,286,171.606000
112,287,169.370000
113,287,171.455000
114,287,173.929000
115,287,177.748000
112,288,170.930000
113,288,173.970000
114,288,174.917000
115,288,179.666000
113,289,175.550000
114,289,177.465000
115,289,180.683000
116,289,184.457000
113,290,178.315000
114,290,178.731000
115,290,182.792000
116,290,185.028000
114,291,181.500000
115,291,184.180000
116,291,187.244000
117,291,191.653000
115,292,186.600000
116,292,188.133000
117,292,193.621000
116,293,190.568000
117,293,194.428000
118,293,198.802000
117,294,196.397000
118,294,199.320000
118,295,201.369000
